query_id,query,raw_response,pandas_code,matplotlib_code,pandas_result,plot_filename,execution_time,error,traceback
1,What was the average active power consumption in March 2007?,"{""pandas_code"": ""march_2007 = df.loc['2007-03']['Global_active_power']
result = march_2007.mean()"", ""matplotlib_code"": ""plt.figure(figsize=(8, 6))
plt.bar(['March 2007'], [result])
plt.title('Average Active Power Consumption - March 2007')
plt.ylabel('Power (kW)')
plt.grid(True, alpha=0.3)
plt.show()""}","march_2007 = df.loc['2007-03']['Global_active_power']
result = march_2007.mean()","plt.figure(figsize=(8, 6))
plt.bar(['March 2007'], [result])
plt.title('Average Active Power Consumption - March 2007')
plt.ylabel('Power (kW)')
plt.grid(True, alpha=0.3)
plt.show()",1.3186270301754073,,0.3084745407104492,,
2,What hour of the day had the highest power usage on Christmas 2006?,"Here is the response:

```
{
  ""pandas_code"": ""christmas_2006 = df.loc['2006-12-25']['Global_active_power']
hourly_pattern = christmas_2006.groupby(df.loc['2006-12-25'].index.hour).mean()
result = hourly_pattern.idxmax()"",
  ""matplotlib_code"": ""hourly_pattern.plot(kind='bar')
plt.title('Power Consumption by Hour on Christmas 2006')
plt.xlabel('Hour of Day')
plt.ylabel('Power (kW)')
plt.grid(True, alpha=0.3)
plt.xticks(rotation=45)
plt.show()""
}
```","christmas_2006 = df.loc['2006-12-25']['Global_active_power']
hourly_pattern = christmas_2006.groupby(df.loc['2006-12-25'].index.hour).mean()
result = hourly_pattern.idxmax()","hourly_pattern.plot(kind='bar')
plt.title('Power Consumption by Hour on Christmas 2006')
plt.xlabel('Hour of Day')
plt.ylabel('Power (kW)')
plt.grid(True, alpha=0.3)
plt.xticks(rotation=45)
plt.show()",22,,0.28009510040283203,,
3,Compare energy usage (Global_active_power) on weekdays vs weekends.,"{
""pandas_code"": ""weekdays_mask = df.index.weekday < 5
weekdays_power = df[weekdays_mask]['Global_active_power']
weekends_power = df[~weekdays_mask]['Global_active_power']
weekday_avg = weekdays_power.mean()
weekend_avg = weekends_power.mean()
result = {'Weekday': weekday_avg, 'Weekend': weekend_avg}"",
""matplotlib_code"": ""fig, ax = plt.subplots(figsize=(8, 6))
ax.bar(result.keys(), result.values())
ax.set_title('Average Power Consumption: Weekdays vs Weekends')
ax.set_ylabel('Power (kW)')
ax.grid(True, alpha=0.3)
plt.show()""
}","weekdays_mask = df.index.weekday < 5
weekdays_power = df[weekdays_mask]['Global_active_power']
weekends_power = df[~weekdays_mask]['Global_active_power']
weekday_avg = weekdays_power.mean()
weekend_avg = weekends_power.mean()
result = {'Weekday': weekday_avg, 'Weekend': weekend_avg}","fig, ax = plt.subplots(figsize=(8, 6))
ax.bar(result.keys(), result.values())
ax.set_title('Average Power Consumption: Weekdays vs Weekends')
ax.set_ylabel('Power (kW)')
ax.grid(True, alpha=0.3)
plt.show()","{'Weekday': np.float64(1.0354720516747509), 'Weekend': np.float64(1.234232176791304)}",,0.2964589595794678,,
4,Find days where energy consumption exceeded 50 kWh.,"{""pandas_code"": ""daily_energy = (df['Global_active_power'] / 60).resample('D').sum()\nhigh_consumption_days = daily_energy[daily_energy > 50]\nresult = high_consumption_days.index.date.tolist()\nresult"", ""matplotlib_code"": ""plt.figure(figsize=(12, 6))\nplt.bar(high_consumption_days.index.date, high_consumption_days.values)\nplt.title('Days with Energy Consumption Exceeding 50 kWh')\nplt.xlabel('Date')\nplt.ylabel('Energy (kWh)')\nplt.grid(True, alpha=0.3)\nplt.show()""}","daily_energy = (df['Global_active_power'] / 60).resample('D').sum()
high_consumption_days = daily_energy[daily_energy > 50]
result = high_consumption_days.index.date.tolist()
result","plt.figure(figsize=(12, 6))
plt.bar(high_consumption_days.index.date, high_consumption_days.values)
plt.title('Days with Energy Consumption Exceeding 50 kWh')
plt.xlabel('Date')
plt.ylabel('Energy (kWh)')
plt.grid(True, alpha=0.3)
plt.show()","[datetime.date(2006, 12, 17), datetime.date(2006, 12, 23), datetime.date(2006, 12, 26), datetime.date(2006, 12, 29), datetime.date(2006, 12, 31), datetime.date(2007, 1, 4), datetime.date(2007, 1, 13), datetime.date(2007, 1, 14), datetime.date(2007, 1, 20), datetime.date(2007, 1, 21), datetime.date(2007, 1, 28), datetime.date(2007, 2, 3), datetime.date(2007, 2, 4), datetime.date(2007, 2, 11), datetime.date(2007, 2, 18), datetime.date(2007, 2, 20), datetime.date(2007, 2, 22), datetime.date(2007, 3, 11), datetime.date(2007, 3, 25), datetime.date(2007, 3, 31), datetime.date(2007, 12, 1), datetime.date(2007, 12, 28), datetime.date(2007, 12, 29), datetime.date(2008, 11, 5), datetime.date(2008, 11, 15), datetime.date(2008, 11, 23), datetime.date(2008, 11, 24), datetime.date(2009, 1, 17), datetime.date(2009, 1, 18), datetime.date(2009, 1, 31), datetime.date(2009, 2, 7)]",,0.36043453216552734,,
5,Plot the energy usage trend for the first week of January 2007.,"{
""pandas_code"": ""first_week_jan_2007 = df.loc['2007-01-01':'2007-01-07']\nenergy_trend = (first_week_jan_2007['Global_active_power'] / 60).resample('D').sum()\nresult = energy_trend.to_dict()"",
""matplotlib_code"": ""fig, ax = plt.subplots(figsize=(12, 6))\nenergy_trend.plot(kind='line', ax=ax)\nax.set_title('Energy Usage Trend for the First Week of January 2007')\nax.set_xlabel('Date')\nax.set_ylabel('Energy (kWh)')\nax.grid(True, alpha=0.3)\nplt.show()""
}","first_week_jan_2007 = df.loc['2007-01-01':'2007-01-07']
energy_trend = (first_week_jan_2007['Global_active_power'] / 60).resample('D').sum()
result = energy_trend.to_dict()","fig, ax = plt.subplots(figsize=(12, 6))
energy_trend.plot(kind='line', ax=ax)
ax.set_title('Energy Usage Trend for the First Week of January 2007')
ax.set_xlabel('Date')
ax.set_ylabel('Energy (kWh)')
ax.grid(True, alpha=0.3)
plt.show()","{Timestamp('2007-01-01 00:00:00'): 45.81673333333333, Timestamp('2007-01-02 00:00:00'): 21.153933333333335, Timestamp('2007-01-03 00:00:00'): 16.9009, Timestamp('2007-01-04 00:00:00'): 54.32353333333333, Timestamp('2007-01-05 00:00:00'): 45.22273333333333, Timestamp('2007-01-06 00:00:00'): 25.139633333333332, Timestamp('2007-01-07 00:00:00'): 40.79366666666667}",,0.24934959411621094,,
6,Find the average voltage for each day of the first week of February 2007.,"{""pandas_code"": ""first_week_feb_2007 = df.loc['2007-02-01':'2007-02-07']
daily_voltage_avg = first_week_feb_2007['Voltage'].resample('D').mean()
result = daily_voltage_avg.to_dict()
result"", ""matplotlib_code"": ""fig, ax = plt.subplots(figsize=(12, 6))
daily_voltage_avg.plot(kind='line', marker='o')
ax.set_title('Average Voltage by Day - First Week of February 2007')
ax.set_xlabel('Day')
ax.set_ylabel('Voltage (V)')
ax.grid(True, alpha=0.3)
plt.xticks(rotation=45)
plt.show()""}","first_week_feb_2007 = df.loc['2007-02-01':'2007-02-07']
daily_voltage_avg = first_week_feb_2007['Voltage'].resample('D').mean()
result = daily_voltage_avg.to_dict()
result","fig, ax = plt.subplots(figsize=(12, 6))
daily_voltage_avg.plot(kind='line', marker='o')
ax.set_title('Average Voltage by Day - First Week of February 2007')
ax.set_xlabel('Day')
ax.set_ylabel('Voltage (V)')
ax.grid(True, alpha=0.3)
plt.xticks(rotation=45)
plt.show()","{Timestamp('2007-02-01 00:00:00'): 240.3921388888889, Timestamp('2007-02-02 00:00:00'): 240.3343888888889, Timestamp('2007-02-03 00:00:00'): 238.91019444444444, Timestamp('2007-02-04 00:00:00'): 239.63333333333333, Timestamp('2007-02-05 00:00:00'): 240.81031249999998, Timestamp('2007-02-06 00:00:00'): 241.26415972222225, Timestamp('2007-02-07 00:00:00'): 241.14969444444444}",,0.2503955364227295,,
7,What is the correlation between global active power and sub-metering values?,"Here is the JSON response:

```
{
  ""pandas_code"": ""correlation = df[['Global_active_power', 'Sub_metering_1', 'Sub_metering_2', 'Sub_metering_3']].corr().loc['Global_active_power', ['Sub_metering_1', 'Sub_metering_2', 'Sub_metering_3']].to_dict()"",
  ""matplotlib_code"": ""plt.figure(figsize=(8, 6))\nplt.scatter(df['Global_active_power'], df['Sub_metering_1'], alpha=0.1, label='Sub_metering_1')\nplt.scatter(df['Global_active_power'], df['Sub_metering_2'], alpha=0.1, label='Sub_metering_2')\nplt.scatter(df['Global_active_power'], df['Sub_metering_3'], alpha=0.1, label='Sub_metering_3')\nplt.title('Global Active Power vs Sub-metering Values')\nplt.xlabel('Global Active Power (kW)')\nplt.ylabel('Sub-metering Values (Wh)')\nplt.grid(True, alpha=0.3)\nplt.legend()\nplt.show()""
}
```","correlation = df[['Global_active_power', 'Sub_metering_1', 'Sub_metering_2', 'Sub_metering_3']].corr().loc['Global_active_power', ['Sub_metering_1', 'Sub_metering_2', 'Sub_metering_3']].to_dict()","plt.figure(figsize=(8, 6))
plt.scatter(df['Global_active_power'], df['Sub_metering_1'], alpha=0.1, label='Sub_metering_1')
plt.scatter(df['Global_active_power'], df['Sub_metering_2'], alpha=0.1, label='Sub_metering_2')
plt.scatter(df['Global_active_power'], df['Sub_metering_3'], alpha=0.1, label='Sub_metering_3')
plt.title('Global Active Power vs Sub-metering Values')
plt.xlabel('Global Active Power (kW)')
plt.ylabel('Sub-metering Values (Wh)')
plt.grid(True, alpha=0.3)
plt.legend()
plt.show()",No 'result' variable found,,48.87959885597229,,
